keyword,link
screamingfrog,https://www.searchenginejournal.com/visualizing-link-data-with-screaming-frog-and-excel-part-1/43641/
screamingfrog,https://www.searchenginejournal.com/seo-audit/technical/
screamingfrog,https://www.searchenginejournal.com/technical-seo/http-status-codes/
screamingfrog,https://www.searchenginejournal.com/seo-audit/duplicate-content/
screamingfrog,https://www.searchenginejournal.com/seo-audit/page-level-factors/
screamingfrog,https://www.searchenginejournal.com/core-web-vitals-benchmarks/377324/
screamingfrog,https://www.searchenginejournal.com/xpaths-large-site-audits/329851/
screamingfrog,https://www.searchenginejournal.com/find-orphan-pages/276207/
screamingfrog,https://www.searchenginejournal.com/regex-seo-website-data-extraction/234999/
screamingfrog,https://www.searchenginejournal.com/seo-audit/website-content-factors/
screamingfrog,https://www.searchenginejournal.com/scrape-google-serp-custom-extractions/267211/
screamingfrog,https://www.searchenginejournal.com/technical-seo/404-vs-soft-404-errors/
screamingfrog,https://www.searchenginejournal.com/seo-audit/content-length/
screamingfrog,https://www.searchenginejournal.com/seo-audit/on-site-technical-seo-factors/
screamingfrog,https://www.searchenginejournal.com/everything-you-need-to-know-about-the-x-robots-tag/314561/
screamingfrog,https://www.searchenginejournal.com/seo-tools/technical-seo/
screamingfrog,https://www.searchenginejournal.com/link-building-guide/reclaim-lost-broken-links/
screamingfrog,https://www.searchenginejournal.com/free-seo-site-audit-tools/284841/
screamingfrog,https://www.searchenginejournal.com/enterprise-ecommerce-seo-strategy/396983/
screamingfrog,https://www.searchenginejournal.com/comprehensive-content-audit/363894/
screamingfrog,https://www.searchenginejournal.com/author/bartosz-goralewicz/
screamingfrog,https://www.searchenginejournal.com/comprehensive-content-audit/363894/
screamingfrog,https://www.searchenginejournal.com/site-migration-traffic-drop/406917/
screamingfrog,https://www.searchenginejournal.com/crawl-budget-seo/378857/
screamingfrog,https://www.searchenginejournal.com/wordpress-seo-beyond-basics/339083/
screamingfrog,https://www.searchenginejournal.com/top-paid-seo-tools/321999/
screamingfrog,https://www.searchenginejournal.com/seo-101/what-people-search-for/
screamingfrog,https://www.searchenginejournal.com/seo-audit/website-updates/
screamingfrog,https://www.searchenginejournal.com/python-seo-data-reference-guide/287927/
screamingfrog,https://www.searchenginejournal.com/diagnosing-technical-seo-problems-guide/322973/
screamingfrog,https://www.searchenginejournal.com/mine-competitor-websites-untapped-keyword-opportunities/312409/
screamingfrog,https://www.searchenginejournal.com/top-free-seo-tools/302553/
screamingfrog,https://www.searchenginejournal.com/improve-core-web-vitals-scores-page-experience-signals/386542/
screamingfrog,https://www.searchenginejournal.com/author/joshua-titsworth/
screamingfrog,https://www.searchenginejournal.com/technical-seo-shopify/224787/
screamingfrog,https://www.searchenginejournal.com/google-block-mixed-content-warning/329055/
screamingfrog,https://www.searchenginejournal.com/googles-mueller-on-keys-to-a-successful-site-migration/398150/
screamingfrog,https://www.searchenginejournal.com/author/matt-green/
screamingfrog,https://www.searchenginejournal.com/seo-tools-your-business-should-be-using-interview-with-brian-mcdowell/76449/
screamingfrog,https://www.searchenginejournal.com/seo-audit/seo-audit-checklist-link-profile-audit/
screamingfrog,https://www.searchenginejournal.com/seo-experiments/211128/
screamingfrog,https://www.searchenginejournal.com/how-qa-testing-for-seo-can-boost-your-traffic-revenue/376469/
screamingfrog,https://www.searchenginejournal.com/revamping-website-search-impact/413039/
screamingfrog,https://www.searchenginejournal.com/technical-seo/url-parameter-handling/
screamingfrog,https://www.searchenginejournal.com/author/stefan-winkler/
screamingfrog,https://www.searchenginejournal.com/author/geoff-kenyon/
screamingfrog,https://www.searchenginejournal.com/webdev-101-website-speed-optimization-hacks/146957/
screamingfrog,https://www.searchenginejournal.com/author/katya-bovykina/
screamingfrog,https://www.searchenginejournal.com/link-building-guide/internal/
screamingfrog,https://www.searchenginejournal.com/seo-hygiene-long-term-rankings/403445/
screamingfrog,https://www.searchenginejournal.com/pagerank-predict-nhl-playoffs/375125/
screamingfrog,https://www.searchenginejournal.com/3-free-seo-tools-for-auditing-and-troubleshooting-onsite-issues-2/62435/
screamingfrog,https://www.searchenginejournal.com/diagnose-solving-seo-problems-framework/356708/
screamingfrog,https://www.searchenginejournal.com/ecommerce-website-redesign-seo/251001/
screamingfrog,https://www.searchenginejournal.com/avoid-local-seo-mistakes/416700/
screamingfrog,https://www.searchenginejournal.com/technical-seo-friendly-ux-make-your-site-run-like-clockwork/386723/
screamingfrog,https://www.searchenginejournal.com/author/ryansammy/
screamingfrog,https://www.searchenginejournal.com/what-you-should-not-do-when-writing-a-title-tag/307361/
screamingfrog,https://www.searchenginejournal.com/askanseo-questions-affects-seo-visibility/183580/
screamingfrog,https://www.searchenginejournal.com/how-to-launch-new-website/269703/
screamingfrog,https://www.searchenginejournal.com/technical-seo/xml-sitemaps/
screamingfrog,https://www.searchenginejournal.com/5-small-tips-to-find-big-seo-problems/32107/
screamingfrog,https://www.searchenginejournal.com/what-is-thin-content-how-to-fix-it/270583/
screamingfrog,https://www.searchenginejournal.com/author/jack-cooper/
screamingfrog,https://www.searchenginejournal.com/recap-evaluating-seo-sejthinktank-site-audit/125155/
screamingfrog,https://www.searchenginejournal.com/partial-content-migration/399866/
screamingfrog,https://www.searchenginejournal.com/recap-evaluating-sejthinktank-site-audit-march-2015/127458/
screamingfrog,https://www.searchenginejournal.com/technical-seo/crawl-budget/
screamingfrog,https://www.searchenginejournal.com/site-audit-low-word-count/341467/
screamingfrog,https://www.searchenginejournal.com/author/tom-demers/
google,https://www.searchenginejournal.com/google-to-begin-sharing-more-search-term-data-with-advertisers/419065/
google,https://www.searchenginejournal.com/google-confirms-update-to-generating-web-page-titles/417306/
google,https://www.searchenginejournal.com/google-still-uses-original-page-titles-for-search-rankings/418920/
google,https://www.searchenginejournal.com/
google,https://www.searchenginejournal.com/google-seo-tools/242307/
google,https://www.searchenginejournal.com/google-is-rewriting-title-tags-in-serps/416793/
google,https://www.searchenginejournal.com/google-discover-follow-feature/418623/
google,https://www.searchenginejournal.com/lighthouse-pagespeed-insights-update/418957/
google,https://www.searchenginejournal.com/google-eat/
google,https://www.searchenginejournal.com/google-big-brand-links/418072/
google,https://www.searchenginejournal.com/google-page-experience-update-finished/418506/
google,https://www.searchenginejournal.com/googles-not-fooled-by-fake-lighthouse-scores/417593/
google,https://www.searchenginejournal.com/core-web-vitals/
google,https://www.searchenginejournal.com/google-adds-presearch-as-a-default-option-on-android-in-eu/418184/
google,https://www.searchenginejournal.com/google-plans-to-sunset-expanded-text-ads-heres-what-advertisers-can-do/418105/
google,https://www.searchenginejournal.com/googles-link-spam-update-is-complete/417552/
google,https://www.searchenginejournal.com/google-shopping-annotations/418116/
google,https://www.searchenginejournal.com/google-news-sending-users-directly-to-publishers-websites/418659/
google,https://www.searchenginejournal.com/google-redesigns-how-search-works-website/417216/
google,https://www.searchenginejournal.com/google-reports-data-loss-in-search-console/417586/
google,https://www.searchenginejournal.com/titlepocalypse/417472/
google,https://www.searchenginejournal.com/google-star-ratings-guide/416951/
google,https://www.searchenginejournal.com/googles-page-title-update-is-dynamic-and-reactive-to-changes/417432/
google,https://www.searchenginejournal.com/google-lead-forms-extensions/416394/
google,https://www.searchenginejournal.com/google-reportedly-paying-apple-15b-to-stay-default-search-engine/417461/
google,https://www.searchenginejournal.com/keyword-research/higher-local-rank/
google,https://www.searchenginejournal.com/google-low-traffic-does-not-always-mean-low-quality/417611/
google,https://www.searchenginejournal.com/google-algorithm-history/
google,https://www.searchenginejournal.com/interstitials-and-google-rankings-2021/417825/
google,https://www.searchenginejournal.com/ways-to-get-deindexed-by-google/242069/
google,https://www.searchenginejournal.com/gsc-seo-agency-reporting/416070/
google,https://www.searchenginejournal.com/ml-things-we-know/408882/
google,https://www.searchenginejournal.com/google-partners-program-puts-new-requirements-on-companies/348794/
google,https://www.searchenginejournal.com/google-2009-acquisitions/15675/
google,https://www.searchenginejournal.com/google-explains-why-a-site-may-rank-for-unusual-keywords/412723/
google,https://www.searchenginejournal.com/google-merchant-center-local-retail-data/401551/
google,https://www.searchenginejournal.com/9-biggest-differences-yandex-vs-google-seo/168628/
google,https://www.searchenginejournal.com/google-december-2020-core-update/389543/
google,https://www.searchenginejournal.com/google-begins-using-mum-for-vaccine-search-results/412014/
google,https://www.searchenginejournal.com/google-suffers-major-defeat-must-pay-french-publishers/360992/
google,https://www.searchenginejournal.com/google-update-analysis/367604/
google,https://www.searchenginejournal.com/google-search-operators-commands/215331/
google,https://www.searchenginejournal.com/google-shopping-actions-program/246505/
google,https://www.searchenginejournal.com/google-enhances-business-profiles-for-stores-with-delivery-pickup/400934/
google,https://www.searchenginejournal.com/google-is-delivering-less-organic-search-traffic-than-last-year/318109/
google,https://www.searchenginejournal.com/google-robots-txt-noindex/314961/
google,https://www.searchenginejournal.com/googles-danny-sullivan-wants-to-fix-page-title-rewrites/417091/
google,https://www.searchenginejournal.com/google-phrase-match-guide/410514/
google,https://www.searchenginejournal.com/large-publishers-unfair-advantage/407673/
google,https://www.searchenginejournal.com/google-applies-new-bert-model-to-search-rankings-affecting-1-in-10-queries/332135/
google,https://www.searchenginejournal.com/top-10-places-that-have-banned-google-glass/66585/
google,https://www.searchenginejournal.com/google-redesigns-mobile-search-results/393344/
google,https://www.searchenginejournal.com/are-hyphens-in-domain-names-okay-with-google/414691/
google,https://www.searchenginejournal.com/how-does-google-measure-publisher-expertise-john-mueller-explains/289965/
google,https://www.searchenginejournal.com/google-will-ignore-flash-content-on-websites-no-longer-index-swf-files/332451/
google,https://www.searchenginejournal.com/twitter-comes-bottom-while-google-maintains-lead-in-yearly-customer-experience-report/415101/
google,https://www.searchenginejournal.com/google-all-core-web-vitals-must-be-met-for-ranking-boost/394358/
google,https://www.searchenginejournal.com/google-announces-new-ads-creative-studio/411133/
google,https://www.searchenginejournal.com/google-search-console-adds-new-regex-filter-options/409177/
google,https://www.searchenginejournal.com/google-instant-adwords-trouble/24043/
google,https://www.searchenginejournal.com/are-exchanged-or-reciprocal-links-okay-with-google/412000/
google,https://www.searchenginejournal.com/scholarship-links-google-penalty/408480/
google,https://www.searchenginejournal.com/data-suggests-google-algorithm-update-occurred-june-2016/167088/
google,https://www.searchenginejournal.com/google-heading-tags-important/377592/
google,https://www.searchenginejournal.com/google-having-second-thoughts-about-its-ipo/226/
google,https://www.searchenginejournal.com/google-confirms-march-7th-algorithm-update-relevance-not-quality/248707/
google,https://www.searchenginejournal.com/underperforming-google-ads/410935/
google,https://www.searchenginejournal.com/google-explains-why-field-data-is-more-reliable-than-lab-data/372404/
google,https://www.searchenginejournal.com/google-recommends-adding-author-url-in-article-schema/415790/
google,https://www.searchenginejournal.com/what-googles-quality-rater-guidelines-tell-us-about-ux/388139/
altavista,https://www.searchenginejournal.com/search-engine-hacking-suspect-now-a-microsoft-employee/665/
altavista,https://www.searchenginejournal.com/yahoo-babel-fish-translation-tool/3335/
altavista,https://www.searchenginejournal.com/overture-site-match-yahoo-searchs-paid-inclusion/329/
altavista,https://www.searchenginejournal.com/yahoo-search-to-add-multimedia/323/
altavista,https://www.searchenginejournal.com/yahoo-results-getting-more-similar-to-google/584/
altavista,https://www.searchenginejournal.com/google-still-the-worlds-top-search-engine/536/
altavista,https://www.searchenginejournal.com/google-yahoo-alliance-may-thwart-microsoft-takeover-attempt/6323/
altavista,https://www.searchenginejournal.com/overture-so-much-more-than-pay-per-click/847/
altavista,https://www.searchenginejournal.com/yahoo-puts-inktomi-to-the-test-cnet-newscom/76/
altavista,https://www.searchenginejournal.com/search-engine-throne-up-for-grabs/81/
altavista,https://www.searchenginejournal.com/year-2003-search-throwbackthursday/74755/
altavista,https://www.searchenginejournal.com/yahoo-search-launches-google-killer-search-assist-videos-flickr-integration/5741/
altavista,https://www.searchenginejournal.com/yahoo-showboating-new-yahoo-search-technology/466/
altavista,https://www.searchenginejournal.com/yahoo-microsoft-bing-search-partnership/12095/
altavista,https://www.searchenginejournal.com/search-engine-advertisements-misleading-to-public/22/
altavista,https://www.searchenginejournal.com/google-and-yahoo-search-engine-technology-comparison/2267/
altavista,https://www.searchenginejournal.com/yahoo-acquisition-opens-door-for-yahoo-widgets/1933/
altavista,https://www.searchenginejournal.com/internet-security-systems-tops-googles-image-index-with-1-billion-images/370/
altavista,https://www.searchenginejournal.com/will-russias-sputnik-fail-like-13-defunct-search-engines/73529/
altavista,https://www.searchenginejournal.com/searchbothcom-combines-search-results-of-search-engines/5983/
altavista,https://www.searchenginejournal.com/disney-getting-into-search-again/4515/
altavista,https://www.searchenginejournal.com/why-you-should-not-submit-your-site-on-search-engines/1021/
altavista,https://www.searchenginejournal.com/?p=82
altavista,https://www.searchenginejournal.com/dangerous-seo-myths-that-people-still-believe/31511/
altavista,https://www.searchenginejournal.com/search-engines-seo-trends/321/
altavista,https://www.searchenginejournal.com/exalead-a-look-into-semantic-image-search/5283/
altavista,https://www.searchenginejournal.com/search-engine-optimization-an-overview/384/
altavista,https://www.searchenginejournal.com/google-yahoo-microsoft-2010/26773/
altavista,https://www.searchenginejournal.com/paid-inclusion-going-the-way-of-the-dodo/666/
altavista,https://www.searchenginejournal.com/bing-snags-a-quarter-of-november-searches/26759/
altavista,https://www.searchenginejournal.com/bing-snags-a-quarter-of-november-searches/26759/
altavista,https://www.searchenginejournal.com/microsoft-brands-longhorn-as-windows-vista/1932/
altavista,https://www.searchenginejournal.com/bing-growing-up/26877/
altavista,https://www.searchenginejournal.com/search-engine-marketing-kit-by-dan-thies-everything-but-yoko-ono/1844/
altavista,https://www.searchenginejournal.com/stemming-and-the-new-google-update/162/
altavista,https://www.searchenginejournal.com/webtrends-analytics-names-ex-googler-new-ceo/6672/
altavista,https://www.searchenginejournal.com/i-love-search-engine-journal-send-your-photos/7128/
altavista,https://www.searchenginejournal.com/the-evolution-of-link-building-web-rings-spam-penguin-oh-my/399824/
altavista,https://www.searchenginejournal.com/msn-beta-search-is-now-live/1250/
altavista,https://www.searchenginejournal.com/feedshot-rss-or-atom-feed-submit-service/2255/
altavista,https://www.searchenginejournal.com/blinkxtv-more-video-than-google-yahoo-or-myspace/3532/
altavista,https://www.searchenginejournal.com/yahoo-search-marketing-launched-goodbye-overture/1586/
altavista,https://www.searchenginejournal.com/is-there-a-future-for-looksmart/1236/
altavista,https://www.searchenginejournal.com/babelplex-multilingual-search-engine-the-c3po-of-search/1072/
altavista,https://www.searchenginejournal.com/yahoo-dropping-google-search/179/
altavista,https://www.searchenginejournal.com/yahoo-search-shortcuts-traffic-hotels-and-encyclopedia/530/
altavista,https://www.searchenginejournal.com/author/simon-cox/
altavista,https://www.searchenginejournal.com/is-google-page-rank-still-important/926/
altavista,https://www.searchenginejournal.com/yahoo-and-google-aiding-chinese-net-censorship/703/
altavista,https://www.searchenginejournal.com/search-engine-stock-offering-timeline/701/
altavista,https://www.searchenginejournal.com/new-search-engine-patents-and-patent-applications/423/
altavista,https://www.searchenginejournal.com/yahoo-audio-search-engine-is-on-the-air/1989/
altavista,https://www.searchenginejournal.com/alltheweb-search-closes-its-doors/29029/
altavista,https://www.searchenginejournal.com/google-market-value-tops-yahoo/991/
altavista,https://www.searchenginejournal.com/yahoo-answers-site-match-inclusion-questions/351/
altavista,https://www.searchenginejournal.com/eurekster-interview-combining-social-networking-and-search-engine-technology/403/
altavista,https://www.searchenginejournal.com/can-you-really-place-a-website-on-the-very-first-page-of-google/230/
altavista,https://www.searchenginejournal.com/microsoft-windows-vista-facing-trademark-problems/1944/
altavista,https://www.searchenginejournal.com/the-search-engine-showdown/1229/
altavista,https://www.searchenginejournal.com/author/heather-lloyd-martin/
altavista,https://www.searchenginejournal.com/google-and-bing-grew-in-december-search-share/27190/
altavista,https://www.searchenginejournal.com/will-disney-or-apple-buy-yahoo-before-microsoft-does/8017/
altavista,https://www.searchenginejournal.com/ask-dumping-jeeves-new-focus-on-search-technology-user-experience/2965/
altavista,https://www.searchenginejournal.com/search-advertising-blocker-threatens-webmasters-in-addition-to-search-engines/164/
altavista,https://www.searchenginejournal.com/broadband-used-by-68-million-americans/463/
altavista,https://www.searchenginejournal.com/search-engine-predictions-for-2004/196/
altavista,https://www.searchenginejournal.com/yahoo-paid-submittals-and-inktomi-confusion/340/
altavista,https://www.searchenginejournal.com/seo-myths-and-duplicate-content/2576/
altavista,https://www.searchenginejournal.com/fazzle-multi-lingual-meta-search-engine-spotlight-6/2174/
altavista,https://www.searchenginejournal.com/firefox-toolbar-a-set-of-search-toolbars-for-mozilla-users/841/
python,https://www.searchenginejournal.com/python-libraries-for-seo/399283/
python,https://www.searchenginejournal.com/automate-search-intent-clustering/413760/
python,https://www.searchenginejournal.com/python-technical-seo/330515/
python,https://www.searchenginejournal.com/seo-tasks-automate-with-python/351050/
python,https://www.searchenginejournal.com/python-analysis-server-log-files/412898/
python,https://www.searchenginejournal.com/7-example-projects-to-get-started-with-python-for-seo/389336/
python,https://www.searchenginejournal.com/natural-language-processing-python-seo/377051/
python,https://www.searchenginejournal.com/generate-quality-faqs-faqpage-schemas-with-python/380004/
python,https://www.searchenginejournal.com/predict-content-success-python/387064/
python,https://www.searchenginejournal.com/introduction-to-python-seo-spreadsheets/342779/
python,https://www.searchenginejournal.com/python-seo-data-reference-guide/287927/
python,https://www.searchenginejournal.com/python-monitor-measure-website-performance/371105/
python,https://www.searchenginejournal.com/spy-on-competitors-python-data-studio/306841/
python,https://www.searchenginejournal.com/author/hamlet-batista/
python,https://www.searchenginejournal.com/generate-text-from-images-with-python/324001/
python,https://www.searchenginejournal.com/author/ruth-everett/
python,https://www.searchenginejournal.com/uncover-powerful-data-stories-python/328471/
python,https://www.searchenginejournal.com/titles-meta-descriptions-automatically-python-javascript/360108/
python,https://www.searchenginejournal.com/advanced-duplicate-content-consolidation-python/314471/
python,https://www.searchenginejournal.com/reorganizing-xml-sitemaps-python/295539/
python,https://www.searchenginejournal.com/automate-url-inspection-tool-python-javascript/301639/
python,https://www.searchenginejournal.com/machine-learning-seo-competitor-research/408552/
python,https://www.searchenginejournal.com/generate-structured-data-automatically-computer-vision/373940/
python,https://www.searchenginejournal.com/great-seo-without-coding/374562/
python,https://www.searchenginejournal.com/data-seo-skill-sets/405408/
python,https://www.searchenginejournal.com/automated-high-quality-content-generation/376308/
python,https://www.searchenginejournal.com/author/andreas-voniatis/
python,https://www.searchenginejournal.com/automating-your-seo-tasks-with-hamlet-batista-podcast/367848/
python,https://www.searchenginejournal.com/hamlet-batista-in-memoriam/393937/
python,https://www.searchenginejournal.com/automated-title-tag-optimization-using-deep-learning/390207/
python,https://www.searchenginejournal.com/automated-intent-classification-using-deep-learning/311309/
python,https://www.searchenginejournal.com/author/winston-burton/
python,https://www.searchenginejournal.com/seo-automation-with-javascript/406582/
python,https://www.searchenginejournal.com/machine-learning-practical-introduction-seo-professionals/366304/
python,https://www.searchenginejournal.com/category/seo/page/22/
python,https://www.searchenginejournal.com/bert-generate-meta-descriptions/332585/
python,https://www.searchenginejournal.com/author/will-nye/
python,https://www.searchenginejournal.com/automating-with-adwords-scripts/235585/
python,https://www.searchenginejournal.com/automated-intent-classification-using-deep-learning-part-2/318691/
python,https://www.searchenginejournal.com/google-sheets-for-web-scraping/415140/
python,https://www.searchenginejournal.com/how-to-run-automated-lighthouse-audits-on-wordpress-changes/383129/
python,https://www.searchenginejournal.com/crawler-traps-causes-solutions-prevention/305781/
python,https://www.searchenginejournal.com/adzooma-technology-optimize-automate-win/314851/
python,https://www.searchenginejournal.com/google-algorithm-history/rankbrain/
python,https://www.searchenginejournal.com/mine-serps-seo-content-customer-insights/311137/
python,https://www.searchenginejournal.com/automated-intent-classification-using-deep-learning-google-sheets/353910/
python,https://www.searchenginejournal.com/category/digital-marketing-tools/page/2/
python,https://www.searchenginejournal.com/youtube-begins-adding-chapters-to-videos-automatically/413542/
python,https://www.searchenginejournal.com/author/john-mcalpin/
python,https://www.searchenginejournal.com/12-of-the-best-tools-to-monitor-your-online-reputation/390646/
python,https://www.searchenginejournal.com/natural-language-generation-changes-seo/371739/
python,https://www.searchenginejournal.com/find-orphan-pages/276207/
python,https://www.searchenginejournal.com/data-science-seo-teams/408714/
python,https://www.searchenginejournal.com/a-tribute-to-hamlet-batista/394049/
python,https://www.searchenginejournal.com/on-page-seo/keyword-cannibalization/
python,https://www.searchenginejournal.com/google-serp-study-which-rich-results-get-the-most-clicks/382445/
python,https://www.searchenginejournal.com/artificial-intelligence-marketing-introduction/364310/
python,https://www.searchenginejournal.com/youtube-seo-for-beginners-best-practices-to-get-started/388392/
python,https://www.searchenginejournal.com/how-to-manage-multiple-seo-projects/410949/
python,https://www.searchenginejournal.com/its-valentines-day-yes-today/4409/
python,https://www.searchenginejournal.com/facebook-marketing-no-search-intent-no-problem/30204/
python,https://www.searchenginejournal.com/a-tribute-to-hamlet-batista/394049/
python,https://www.searchenginejournal.com/pagerank-predict-nhl-playoffs/375125/
python,https://www.searchenginejournal.com/find-orphan-pages/276207/
python,https://www.searchenginejournal.com/12-of-the-best-tools-to-monitor-your-online-reputation/390646/
python,https://www.searchenginejournal.com/google-begins-using-bert-to-generate-top-stories-carousels-in-search/339651/
python,https://www.searchenginejournal.com/google-serp-study-which-rich-results-get-the-most-clicks/382445/
python,https://www.searchenginejournal.com/category/seo/page/22/
python,https://www.searchenginejournal.com/automating-your-seo-tasks-with-hamlet-batista-podcast/367848/
space+bar,https://www.searchenginejournal.com/google-upgrades-gboard-iphone-voice-typing-new-emoji/187033/
space+bar,https://www.searchenginejournal.com/performance-game-lighthouse/290889/
space+bar,https://www.searchenginejournal.com/firefox-address-bar/13018/
space+bar,https://www.searchenginejournal.com/5-ways-to-seo-your-firefox-status-bar/7971/
space+bar,https://www.searchenginejournal.com/how-instagram-ranks-search-results/417449/
space+bar,https://www.searchenginejournal.com/pipe-or-dash-in-title-tag/378099/
space+bar,https://www.searchenginejournal.com/yahoo-testing-new-blue-bar-search-results-format/5097/
space+bar,https://www.searchenginejournal.com/google-search-widgets-for-ios-14/381441/
space+bar,https://www.searchenginejournal.com/facebook-tricks/296465/
space+bar,https://www.searchenginejournal.com/top-10-places-that-have-banned-google-glass/66585/
space+bar,https://www.searchenginejournal.com/on-page-seo/image-optimization/
space+bar,https://www.searchenginejournal.com/
space+bar,https://www.searchenginejournal.com/facebook-is-improving-ads-manager-and-business-manager/303713/
space+bar,https://www.searchenginejournal.com/what-you-need-to-know-about-google/56327/
space+bar,https://www.searchenginejournal.com/search-engine-journal-requests-pleasure-company-pubcon/73661/
space+bar,https://www.searchenginejournal.com/chrome-update/268231/
space+bar,https://www.searchenginejournal.com/navigate-the-web-faster-with-these-firefox-hotkeys/10570/
space+bar,https://www.searchenginejournal.com/wordpress-add-emojis-title-tags-meta-descriptions/383008/
space+bar,https://www.searchenginejournal.com/gmail-hacks-productivity/384903/
space+bar,https://www.searchenginejournal.com/clubhouse-getting-started/393582/
space+bar,https://www.searchenginejournal.com/google-search-redesigned/51328/
space+bar,https://www.searchenginejournal.com/404-page-examples/211154/
space+bar,https://www.searchenginejournal.com/on-site-search-seo/309189/
space+bar,https://www.searchenginejournal.com/seo-101/meet-search-engines/
space+bar,https://www.searchenginejournal.com/pinterest-launches-a-refresh-of-its-mobile-app/334001/
space+bar,https://www.searchenginejournal.com/google-redesigns-mobile-search-results/393344/
space+bar,https://www.searchenginejournal.com/hidden-text-seo/208866/
space+bar,https://www.searchenginejournal.com/generate-data-driven-copy-ecommerce-category-pages-gpt-2/375277/
space+bar,https://www.searchenginejournal.com/breadcrumbs-seo/255007/
space+bar,https://www.searchenginejournal.com/superpagescom-improves-with-redesign/4860/
space+bar,https://www.searchenginejournal.com/about-search-engine-title-tags/522/
space+bar,https://www.searchenginejournal.com/google-search-operators-commands/215331/
space+bar,https://www.searchenginejournal.com/amazon-indexing/289093/
space+bar,https://www.searchenginejournal.com/url-capitalization-seo/343369/
space+bar,https://www.searchenginejournal.com/top-10-tools-for-bulletproof-seo-content-strategies/372060/
space+bar,https://www.searchenginejournal.com/amazon-hidden-keywords/234755/
space+bar,https://www.searchenginejournal.com/google-easter-eggs/401385/
space+bar,https://www.searchenginejournal.com/restaurant-seo-tips/208644/
space+bar,https://www.searchenginejournal.com/70-seats-left-for-search-social-spring-summit-register-now/19516/
space+bar,https://www.searchenginejournal.com/covid-19-search-trends-ppc-strategies/366052/
space+bar,https://www.searchenginejournal.com/amazon-seo-keyword-research/413470/
space+bar,https://www.searchenginejournal.com/local-search-tips-health-providers/289337/
space+bar,https://www.searchenginejournal.com/optimize-environment-creativity-perfect-temperature-lighting-noise-levels/97631/amp/%7B%7Berror%7D%7D
space+bar,https://www.searchenginejournal.com/failed-social-media-sites/303421/
space+bar,https://www.searchenginejournal.com/firefox-aboutconfig-tweaks/10430/
space+bar,https://www.searchenginejournal.com/google-adsense-makes-sense-on-blogs/1324/
space+bar,https://www.searchenginejournal.com/ecommerce-guide/site-navigation/
space+bar,https://www.searchenginejournal.com/online-competitors/306205/
space+bar,https://www.searchenginejournal.com/elements-of-web-hosting/1153/
space+bar,https://www.searchenginejournal.com/tools-for-ppc-managers/343891/
space+bar,https://www.searchenginejournal.com/amazon-search-engine-ranking-algorithm-explained/265173/
space+bar,https://www.searchenginejournal.com/technical-seo-core-web-vitals-guide/402501/
space+bar,https://www.searchenginejournal.com/enterprise-seo-traditional-marketing/408083/
space+bar,https://www.searchenginejournal.com/examples-contact-us-pages/378518/
space+bar,https://www.searchenginejournal.com/googlicious-more-google-expansion/825/
space+bar,https://www.searchenginejournal.com/amp-seo-everything-you-need-to-know/375931/
space+bar,https://www.searchenginejournal.com/search-conferences-101-33-reasons-why-you-should-go-to-the-im-charity-party-at-ses-san-jose/7485/
space+bar,https://www.searchenginejournal.com/cmworld-2015-recap-day-1/140672/
space+bar,https://www.searchenginejournal.com/hanging-out-with-google-japan/2986/
space+bar,https://www.searchenginejournal.com/making-magento-seo-among-multiple-urls/127887/
space+bar,https://www.searchenginejournal.com/five-types-content-changing-digital-marketing-game/134616/
space+bar,https://www.searchenginejournal.com/supplemental-content/291127/
space+bar,https://www.searchenginejournal.com/website-bounce-rate/332439/
space+bar,https://www.searchenginejournal.com/content-marketing-for-startups/409102/
space+bar,https://www.searchenginejournal.com/google-maps-offline/147002/
space+bar,https://www.searchenginejournal.com/local-seo-strategy-guide-how-to-rank-where-it-counts/334617/
space+bar,https://www.searchenginejournal.com/google-sites-adds-mobile-rendering-feature/30816/
space+bar,https://www.searchenginejournal.com/viva-yahoo-yahoo-is-elvis-yahoo-is-everywhere/3047/
space+bar,https://www.searchenginejournal.com/link-building-research-tips-10x-links/372168/
